{
  "usage_data": [],
  "performance_metrics": {
    "fps": 0,
    "confidence": 1.0,
    "attention_score": 0.943688604658518,
    "head_pose": [
      -8.39551374596868,
      -6.858485851420698,
      -10.501049710273017
    ],
    "calibrated": true,
    "tracking_mode": "Pure Eye Movement",
    "cursor_control_enabled": true,
    "screen_engagement": true
  },
  "session_duration": 1759737543.0437572,
  "screen_resolution": [
    1920,
    1080
  ]
}