{
  "usage_data": [],
  "performance_metrics": {
    "fps": 0,
    "confidence": 1.0,
    "attention_score": 0.9479978157651233,
    "head_pose": [
      0.7785836266393208,
      5.2727493721442515,
      -1.621931346919082
    ],
    "calibrated": true,
    "tracking_mode": "Pure Eye Movement",
    "cursor_control_enabled": true,
    "screen_engagement": true
  },
  "session_duration": 1759568416.777913,
  "screen_resolution": [
    1920,
    1080
  ]
}