{
  "usage_data": [],
  "performance_metrics": {
    "fps": 0,
    "confidence": 1.0,
    "attention_score": 0.0029615329065900324,
    "head_pose": [
      2.250241333892301,
      -6.5566362082605645,
      2.0345607359416538
    ],
    "calibrated": true,
    "tracking_mode": "Pure Eye Movement",
    "cursor_control_enabled": true,
    "screen_engagement": true
  },
  "session_duration": 1762980436.7794445,
  "screen_resolution": [
    1920,
    1080
  ]
}